create database f1;

DROP TABLE API;
DROP TABLE gains;
DROP TABLE regist_stores;
DROP TABLE ingredients;
DROP TABLE recipes;
DROP TABLE average_prices;
DROP TABLE featured_items;
DROP TABLE users;
DROP TABLE stores;
DROP TABLE prefectures;

CREATE TABLE prefectures (
    prefecture_id INT AUTO_INCREMENT PRIMARY KEY,
    prefecture_name VARCHAR(10) NOT NULL
);

INSERT INTO prefectures (prefecture_name)
VALUES
('北海道'),
('青森県'),
('岩手県'),
('宮城県'),
('秋田県'),
('山形県'),
('福島県'),
('茨城県'),
('栃木県'),
('群馬県'),
('埼玉県'),
('千葉県'),
('東京都'),
('神奈川県'),
('新潟県'),
('富山県'),
('石川県'),
('福井県'),
('山梨県'),
('長野県'),
('岐阜県'),
('静岡県'),
('愛知県'),
('三重県'),
('滋賀県'),
('京都府'),
('大阪府'),
('兵庫県'),
('奈良県'),
('和歌山県'),
('鳥取県'),
('島根県'),
('岡山県'),
('広島県'),
('山口県'),
('徳島県'),
('香川県'),
('愛媛県'),
('高知県'),
('福岡県'),
('佐賀県'),
('長崎県'),
('熊本県'),
('大分県'),
('宮崎県'),
('鹿児島県'),
('沖縄県');

CREATE TABLE stores (
    phone_number VARCHAR(20) PRIMARY KEY,
    store_name VARCHAR(100) NOT NULL,
    prefecture_id INT NOT NULL,
    store_appeal_short  VARCHAR(200),
    store_appeal_long text,
    FOREIGN KEY (prefecture_id) REFERENCES prefectures(prefecture_id)
);

INSERT INTO stores (phone_number, store_name, prefecture_id, store_appeal_short, store_appeal_long)
VALUES
('0252452533', 'イオンとやの店', 15, '買い物しやすい大型スーパー', '食品から日用品まで幅広く取り扱う地域密着型の店舗です。'),
('0252812600', 'ウオロク出来島店', 15, '新鮮な食材が豊富', '地元で人気があり、野菜や鮮魚などの生鮮食品が充実しています。'),
('0252801400', 'マルイ女池店', 15, '毎日の買い物に便利', '地域住民に親しまれ、特売商品も豊富に取り揃えています。'),
('0878407350', 'ラ・ムー高松東店', 37, '圧倒的な低価格', 'ディスカウント価格で食品や日用品を購入できる人気店舗です。'),
('0878437726', 'マルナカパワーシティ屋島店', 37, '大型ショッピング施設', '豊富な品揃えと広い売場が魅力の店舗です。'),
('0878433025', 'マルナカ屋島店', 37, '地域密着型スーパー', '地元の利用者が多く、日常の買い物に便利な店舗です。'),
('0878512969', 'マルナカ広場店', 37, 'アクセス良好', '駅や住宅地から利用しやすく、品揃えも充実しています。'),
('0963125566', 'スーパーキッド熊本駅前店', 43, '駅近ディスカウントストア', '熊本駅近くで手軽に買い物ができる便利な店舗です。'),
('0962771221', 'ドラッグストアコスモス田崎店', 43, '医薬品と食品が充実', '医薬品だけでなく食品や日用品も低価格で購入できます。'),
('0252487707', '原信南万代店', 15, '地域密着の人気スーパー', '生鮮食品から日用品まで幅広く取り扱い、地元住民に親しまれている店舗です。'),
('0252473155', '原信紫竹山店', 15, '豊富な品揃え', '新鮮な食材や惣菜が充実しており、毎日の買い物に便利な店舗です。'),
('0878117001', 'マルナカサンポート店', 37, '駅近で便利', '高松駅周辺で利用しやすく、観光客や地元住民にも人気の店舗です。'),
('0878211227', 'エースワンJR高松オルネ店', 37, '駅ビル内の便利な店舗', '通勤や通学の途中でも立ち寄りやすく、惣菜や食品が充実しています。'),
('0878227498', 'マルナカ通町店', 37, '中心街で便利', '高松市中心部に位置し、日常の買い物に利用しやすい店舗です。'),
('0962276693', 'ハローデイアミュプラザくまもと店', 43, '品質重視のスーパー', '新鮮な食材とこだわりの商品を取り揃えた人気のスーパーマーケットです。'),
('0963426384', 'KITANO ACEアミュプラザくまもと店', 43, 'こだわり食品専門店', '全国の厳選食品や話題の商品を豊富に取り扱うセレクトショップです。');


CREATE TABLE users (
    user_id INT PRIMARY KEY,
    address VARCHAR(100) NOT NULL UNIQUE,
    password VARCHAR(32) NOT NULL,
    prefecture_id INT NOT NULL,
    memo TEXT,
    FOREIGN KEY (prefecture_id) REFERENCES prefectures(prefecture_id)
);

INSERT INTO users (
    user_id,
    address,
    password,
    prefecture_id,
    memo
)
VALUES
(
    1,
    'sato@example.com',
    'pass1234',
    15,
    'イオンとやの店をよく利用。牛乳と冷凍食品の価格をチェックしたい。'
),
(
    2,
    'tanaka@example.com',
    'pass1234',
    15,
    '原信南万代店とウオロクを比較したい。'
),
(
    3,
    'suzuki@example.com',
    'pass1234',
    37,
    'ラ・ムー高松東店をメイン利用。安い日用品も確認したい。'
),
(
    4,
    'yamada@example.com',
    'pass1234',
    37,
    'エースワンJR高松オルネ店をよく使う。'
),
(
    5,
    'kobayashi@example.com',
    'pass1234',
    43,
    'スーパーキッド熊本駅前店で食料品をよく買う。'
),
(
    6,
    'nakamura@example.com',
    'pass1234',
    43,
    'ハローデイアミュプラザくまもと店の惣菜をよく買う。'
);

CREATE TABLE featured_items (
    featured_item_id INT AUTO_INCREMENT PRIMARY KEY,
    phone_number VARCHAR(20)NOT NULL,
    featured_item_name VARCHAR(100) NOT NULL ,
    ap_name VARCHAR(100),
    price INT NOT NULL,
    start_date DATE NOT NULL,
    end_date DATE NOT NULL,
    FOREIGN KEY (phone_number) REFERENCES stores(phone_number)
);

INSERT INTO featured_items
(phone_number, featured_item_name, ap_name, price, start_date, end_date)
VALUES
('0252452533','牛乳','豆乳',158,'2026-06-01','2026-06-30'),
('0252452533','卵','納豆',198,'2026-06-01','2026-06-30'),
('0252452533','食パン','ロールパン',108,'2026-06-01','2026-06-30'),
('0252452533','ヨーグルト','プリン',128,'2026-06-01','2026-06-30'),
('0252452533','バナナ','りんご',98,'2026-06-01','2026-06-30'),
('0252452533','キャベツ','レタス',99,'2026-06-01','2026-06-30'),
('0252452533','もやし','豆腐',29,'2026-06-01','2026-06-30'),
('0252452533','ウインナー','ベーコン',258,'2026-06-01','2026-06-30'),
('0252452533','鶏むね肉','鶏もも肉',78,'2026-06-01','2026-06-30'),
('0252452533','豚こま肉','牛切り落とし',198,'2026-06-01','2026-06-30'),
('0252452533','冷凍うどん','冷凍そば',168,'2026-06-01','2026-06-30'),
('0252452533','カップ麺','袋麺',118,'2026-06-01','2026-06-30'),
('0252452533','レトルトカレー','パスタソース',298,'2026-06-01','2026-06-30'),
('0252452533','食器用洗剤','洗濯洗剤',198,'2026-06-01','2026-06-30'),
('0252452533','ティッシュ','トイレットペーパー',248,'2026-06-01','2026-06-30'),


('0252812600','納豆','豆腐',88,'2026-06-01','2026-06-30'),
('0252812600','卵','牛乳',178,'2026-06-01','2026-06-30'),
('0252812600','もやし','キャベツ',19,'2026-06-01','2026-06-30'),
('0252812600','食パン','ベーグル',98,'2026-06-01','2026-06-30'),
('0252812600','りんご','みかん',128,'2026-06-01','2026-06-30'),
('0252812600','バナナ','キウイ',108,'2026-06-01','2026-06-30'),
('0252812600','ウインナー','ハム',228,'2026-06-01','2026-06-30'),
('0252812600','鶏もも肉','豚こま肉',118,'2026-06-01','2026-06-30'),
('0252812600','牛切り落とし','豚バラ肉',258,'2026-06-01','2026-06-30'),
('0252812600','冷凍うどん','冷凍ラーメン',148,'2026-06-01','2026-06-30'),
('0252812600','カップ麺','袋麺',108,'2026-06-01','2026-06-30'),
('0252812600','緑茶','麦茶',88,'2026-06-01','2026-06-30'),
('0252812600','コーヒー','紅茶',198,'2026-06-01','2026-06-30'),
('0252812600','ティッシュ','キッチンペーパー',198,'2026-06-01','2026-06-30'),
('0252812600','洗濯洗剤','柔軟剤',248,'2026-06-01','2026-06-30'),


('0252801400','牛乳','アーモンドミルク',148,'2026-06-01','2026-06-30'),
('0252801400','卵','納豆',188,'2026-06-01','2026-06-30'),
('0252801400','食パン','クロワッサン',118,'2026-06-01','2026-06-30'),
('0252801400','レタス','キャベツ',98,'2026-06-01','2026-06-30'),
('0252801400','玉ねぎ','じゃがいも',128,'2026-06-01','2026-06-30'),
('0252801400','にんじん','大根',88,'2026-06-01','2026-06-30'),
('0252801400','バナナ','りんご',108,'2026-06-01','2026-06-30'),
('0252801400','ヨーグルト','プリン',118,'2026-06-01','2026-06-30'),
('0252801400','ウインナー','ベーコン',238,'2026-06-01','2026-06-30'),
('0252801400','鶏むね肉','ささみ',68,'2026-06-01','2026-06-30'),
('0252801400','冷凍うどん','冷凍パスタ',158,'2026-06-01','2026-06-30'),
('0252801400','レトルトカレー','シチュー',278,'2026-06-01','2026-06-30'),
('0252801400','コーヒー','緑茶',178,'2026-06-01','2026-06-30'),
('0252801400','ティッシュ','トイレットペーパー',228,'2026-06-01','2026-06-30'),
('0252801400','食器用洗剤','スポンジ',158,'2026-06-01','2026-06-30'),


('0252487707','牛乳','豆乳',155,'2026-06-01','2026-06-30'),
('0252487707','卵','納豆',185,'2026-06-01','2026-06-30'),
('0252487707','食パン','ロールパン',105,'2026-06-01','2026-06-30'),
('0252487707','バナナ','りんご',95,'2026-06-01','2026-06-30'),
('0252487707','レタス','キャベツ',89,'2026-06-01','2026-06-30'),
('0252487707','もやし','豆腐',25,'2026-06-01','2026-06-30'),
('0252487707','玉ねぎ','にんじん',99,'2026-06-01','2026-06-30'),
('0252487707','ヨーグルト','プリン',118,'2026-06-01','2026-06-30'),
('0252487707','ウインナー','ベーコン',248,'2026-06-01','2026-06-30'),
('0252487707','鶏むね肉','鶏もも肉',75,'2026-06-01','2026-06-30'),
('0252487707','豚こま肉','牛切り落とし',188,'2026-06-01','2026-06-30'),
('0252487707','冷凍うどん','冷凍そば',158,'2026-06-01','2026-06-30'),
('0252487707','コーヒー','紅茶',188,'2026-06-01','2026-06-30'),
('0252487707','ティッシュ','キッチンペーパー',188,'2026-06-01','2026-06-30'),
('0252487707','洗濯洗剤','柔軟剤',238,'2026-06-01','2026-06-30'),


('0252473155','牛乳','豆乳',152,'2026-06-01','2026-06-30'),
('0252473155','卵','納豆',182,'2026-06-01','2026-06-30'),
('0252473155','食パン','ロールパン',102,'2026-06-01','2026-06-30'),
('0252473155','バナナ','キウイ',92,'2026-06-01','2026-06-30'),
('0252473155','キャベツ','レタス',92,'2026-06-01','2026-06-30'),
('0252473155','もやし','豆腐',28,'2026-06-01','2026-06-30'),
('0252473155','玉ねぎ','じゃがいも',108,'2026-06-01','2026-06-30'),
('0252473155','ヨーグルト','プリン',122,'2026-06-01','2026-06-30'),
('0252473155','ウインナー','ハム',232,'2026-06-01','2026-06-30'),
('0252473155','鶏もも肉','豚こま肉',115,'2026-06-01','2026-06-30'),
('0252473155','牛切り落とし','豚バラ肉',255,'2026-06-01','2026-06-30'),
('0252473155','冷凍うどん','冷凍ラーメン',152,'2026-06-01','2026-06-30'),
('0252473155','レトルトカレー','パスタソース',282,'2026-06-01','2026-06-30'),
('0252473155','ティッシュ','トイレットペーパー',222,'2026-06-01','2026-06-30'),
('0252473155','食器用洗剤','洗濯洗剤',182,'2026-06-01','2026-06-30');




INSERT INTO featured_items
(phone_number, featured_item_name, ap_name, price, start_date, end_date)
VALUES
('0878407350','もやし','キャベツ',29,'2026-06-01','2026-06-30'),
('0878407350','うどん玉','そば玉',58,'2026-06-01','2026-06-30'),
('0878407350','バナナ','りんご',98,'2026-06-01','2026-06-30'),
('0878407350','豆腐','厚揚げ',68,'2026-06-01','2026-06-30'),
('0878407350','鶏むね肉','鶏もも肉',78,'2026-06-01','2026-06-30'),
('0878407350','ヨーグルト','プリン',108,'2026-06-01','2026-06-30'),
('0878407350','コロッケ','メンチカツ',48,'2026-06-01','2026-06-30'),
('0878407350','納豆','キムチ',79,'2026-06-01','2026-06-30'),
('0878407350','焼きそば','パスタ',88,'2026-06-01','2026-06-30'),
('0878407350','食パン','ロールパン',108,'2026-06-01','2026-06-30'),
('0878407350','牛乳','豆乳',158,'2026-06-01','2026-06-30'),
('0878407350','卵','納豆',198,'2026-06-01','2026-06-30'),
('0878407350','冷凍餃子','冷凍春巻',188,'2026-06-01','2026-06-30'),
('0878407350','サラダ油','ごま油',298,'2026-06-01','2026-06-30'),
('0878407350','ウインナー','ベーコン',258,'2026-06-01','2026-06-30');


INSERT INTO featured_items
(phone_number, featured_item_name, ap_name, price, start_date, end_date)
VALUES
('0878437726','冷凍うどん','冷凍そば',168,'2026-06-01','2026-06-30'),
('0878437726','弁当','おにぎり',398,'2026-06-01','2026-06-30'),
('0878437726','カップ麺','袋麺',118,'2026-06-01','2026-06-30'),
('0878437726','牛肉切り落とし','豚こま肉',398,'2026-06-01','2026-06-30'),
('0878437726','レトルトカレー','パスタソース',298,'2026-06-01','2026-06-30'),
('0878437726','牛乳','豆乳',168,'2026-06-01','2026-06-30'),
('0878437726','卵','納豆',208,'2026-06-01','2026-06-30'),
('0878437726','食パン','クロワッサン',128,'2026-06-01','2026-06-30'),
('0878437726','みかん','バナナ',198,'2026-06-01','2026-06-30'),
('0878437726','サバ缶','ツナ缶',148,'2026-06-01','2026-06-30'),
('0878437726','ヨーグルト','プリン',118,'2026-06-01','2026-06-30'),
('0878437726','アイスクリーム','シャーベット',98,'2026-06-01','2026-06-30'),
('0878437726','鶏もも肉','鶏むね肉',128,'2026-06-01','2026-06-30'),
('0878437726','冷凍チャーハン','冷凍ピラフ',228,'2026-06-01','2026-06-30'),
('0878437726','コーヒー','紅茶',258,'2026-06-01','2026-06-30');


INSERT INTO featured_items
(phone_number, featured_item_name, ap_name, price, start_date, end_date)
VALUES
('0878433025','キャベツ','レタス',128,'2026-06-01','2026-06-30'),
('0878433025','玉ねぎ','じゃがいも',98,'2026-06-01','2026-06-30'),
('0878433025','にんじん','大根',88,'2026-06-01','2026-06-30'),
('0878433025','納豆','豆腐',79,'2026-06-01','2026-06-30'),
('0878433025','牛乳','豆乳',158,'2026-06-01','2026-06-30'),
('0878433025','食パン','ロールパン',108,'2026-06-01','2026-06-30'),
('0878433025','卵','温泉卵',198,'2026-06-01','2026-06-30'),
('0878433025','ヨーグルト','プリン',118,'2026-06-01','2026-06-30'),
('0878433025','冷凍うどん','冷凍ラーメン',158,'2026-06-01','2026-06-30'),
('0878433025','カレー粉','シチューの素',198,'2026-06-01','2026-06-30'),
('0878433025','ウインナー','ベーコン',248,'2026-06-01','2026-06-30'),
('0878433025','ハム','サラダチキン',198,'2026-06-01','2026-06-30'),
('0878433025','コロッケ','メンチカツ',58,'2026-06-01','2026-06-30'),
('0878433025','焼きそば','パスタ',98,'2026-06-01','2026-06-30'),
('0878433025','アイス','ゼリー',88,'2026-06-01','2026-06-30');


INSERT INTO featured_items
(phone_number, featured_item_name, ap_name, price, start_date, end_date)
VALUES
('0878117001','刺身盛合せ','寿司',598,'2026-06-01','2026-06-30'),
('0878117001','牛乳','豆乳',178,'2026-06-01','2026-06-30'),
('0878117001','卵','納豆',218,'2026-06-01','2026-06-30'),
('0878117001','食パン','クロワッサン',128,'2026-06-01','2026-06-30'),
('0878117001','バナナ','キウイ',158,'2026-06-01','2026-06-30'),
('0878117001','ヨーグルト','プリン',128,'2026-06-01','2026-06-30'),
('0878117001','サラダ油','オリーブオイル',398,'2026-06-01','2026-06-30'),
('0878117001','冷凍うどん','冷凍そば',178,'2026-06-01','2026-06-30'),
('0878117001','カップ麺','袋麺',128,'2026-06-01','2026-06-30'),
('0878117001','ハンバーグ','ミートボール',248,'2026-06-01','2026-06-30'),
('0878117001','牛肉切り落とし','豚こま肉',428,'2026-06-01','2026-06-30'),
('0878117001','ウインナー','ベーコン',278,'2026-06-01','2026-06-30'),
('0878117001','焼売','餃子',198,'2026-06-01','2026-06-30'),
('0878117001','チーズ','バター',258,'2026-06-01','2026-06-30'),
('0878117001','レトルトカレー','パスタソース',318,'2026-06-01','2026-06-30');



INSERT INTO featured_items
(phone_number, featured_item_name, ap_name, price, start_date, end_date)
VALUES
('0878211227','牛乳','豆乳',168,'2026-06-01','2026-06-30'),
('0878211227','卵','納豆',208,'2026-06-01','2026-06-30'),
('0878211227','食パン','ロールパン',118,'2026-06-01','2026-06-30'),
('0878211227','ヨーグルト','プリン',118,'2026-06-01','2026-06-30'),
('0878211227','バナナ','キウイ',158,'2026-06-01','2026-06-30'),
('0878211227','みかん','りんご',198,'2026-06-01','2026-06-30'),
('0878211227','鶏もも肉','鶏むね肉',128,'2026-06-01','2026-06-30'),
('0878211227','牛肉切り落とし','豚こま肉',398,'2026-06-01','2026-06-30'),
('0878211227','冷凍うどん','冷凍そば',168,'2026-06-01','2026-06-30'),
('0878211227','冷凍餃子','冷凍春巻',198,'2026-06-01','2026-06-30'),
('0878211227','チーズ','バター',258,'2026-06-01','2026-06-30'),
('0878211227','ウインナー','ベーコン',268,'2026-06-01','2026-06-30'),
('0878211227','コーヒー','紅茶',278,'2026-06-01','2026-06-30'),
('0878211227','サラダ油','ごま油',328,'2026-06-01','2026-06-30'),
('0878211227','レトルトカレー','パスタソース',298,'2026-06-01','2026-06-30');


INSERT INTO featured_items
(phone_number, featured_item_name, ap_name, price, start_date, end_date)
VALUES
('0878512969','キャベツ','レタス',128,'2026-06-01','2026-06-30'),
('0878512969','玉ねぎ','じゃがいも',98,'2026-06-01','2026-06-30'),
('0878512969','にんじん','大根',88,'2026-06-01','2026-06-30'),
('0878512969','もやし','豆苗',29,'2026-06-01','2026-06-30'),
('0878512969','牛乳','豆乳',158,'2026-06-01','2026-06-30'),
('0878512969','卵','納豆',198,'2026-06-01','2026-06-30'),
('0878512969','食パン','ロールパン',108,'2026-06-01','2026-06-30'),
('0878512969','ヨーグルト','プリン',108,'2026-06-01','2026-06-30'),
('0878512969','納豆','キムチ',78,'2026-06-01','2026-06-30'),
('0878512969','豆腐','厚揚げ',68,'2026-06-01','2026-06-30'),
('0878512969','焼きそば','パスタ',98,'2026-06-01','2026-06-30'),
('0878512969','冷凍うどん','冷凍ラーメン',158,'2026-06-01','2026-06-30'),
('0878512969','コロッケ','メンチカツ',58,'2026-06-01','2026-06-30'),
('0878512969','アイスクリーム','ゼリー',88,'2026-06-01','2026-06-30'),
('0878512969','ウインナー','ベーコン',248,'2026-06-01','2026-06-30');


INSERT INTO featured_items
(phone_number, featured_item_name, ap_name, price, start_date, end_date)
VALUES
('0878227498','刺身盛合せ','寿司',598,'2026-06-01','2026-06-30'),
('0878227498','牛肉切り落とし','豚こま肉',428,'2026-06-01','2026-06-30'),
('0878227498','鶏もも肉','鶏むね肉',138,'2026-06-01','2026-06-30'),
('0878227498','牛乳','豆乳',178,'2026-06-01','2026-06-30'),
('0878227498','卵','納豆',218,'2026-06-01','2026-06-30'),
('0878227498','食パン','クロワッサン',128,'2026-06-01','2026-06-30'),
('0878227498','バナナ','キウイ',168,'2026-06-01','2026-06-30'),
('0878227498','ヨーグルト','プリン',128,'2026-06-01','2026-06-30'),
('0878227498','サバ缶','ツナ缶',158,'2026-06-01','2026-06-30'),
('0878227498','冷凍チャーハン','冷凍ピラフ',228,'2026-06-01','2026-06-30'),
('0878227498','ハンバーグ','ミートボール',258,'2026-06-01','2026-06-30'),
('0878227498','焼売','餃子',208,'2026-06-01','2026-06-30'),
('0878227498','チーズ','バター',268,'2026-06-01','2026-06-30'),
('0878227498','コーヒー','紅茶',288,'2026-06-01','2026-06-30'),
('0878227498','レトルトカレー','パスタソース',318,'2026-06-01','2026-06-30');

INSERT INTO featured_items
(phone_number, featured_item_name, ap_name, price, start_date, end_date)
VALUES
('0963125566','牛乳','豆乳',148,'2026-06-01','2026-06-30'),
('0963125566','卵','納豆',188,'2026-06-01','2026-06-30'),
('0963125566','食パン','ロールパン',98,'2026-06-01','2026-06-30'),
('0963125566','キャベツ','レタス',128,'2026-06-01','2026-06-30'),
('0963125566','玉ねぎ','じゃがいも',88,'2026-06-01','2026-06-30'),
('0963125566','もやし','豆苗',29,'2026-06-01','2026-06-30'),
('0963125566','冷凍うどん','冷凍そば',158,'2026-06-01','2026-06-30'),
('0963125566','焼きそば','パスタ',88,'2026-06-01','2026-06-30'),
('0963125566','ヨーグルト','プリン',98,'2026-06-01','2026-06-30'),
('0963125566','ウインナー','ベーコン',238,'2026-06-01','2026-06-30'),
('0963125566','ハム','サラダチキン',198,'2026-06-01','2026-06-30'),
('0963125566','サラダ油','ごま油',278,'2026-06-01','2026-06-30'),
('0963125566','カップ麺','袋麺',108,'2026-06-01','2026-06-30'),
('0963125566','コロッケ','メンチカツ',58,'2026-06-01','2026-06-30'),
('0963125566','アイスクリーム','ゼリー',88,'2026-06-01','2026-06-30');


INSERT INTO featured_items
(phone_number, featured_item_name, ap_name, price, start_date, end_date)
VALUES
('0962771221','牛乳','豆乳',158,'2026-06-01','2026-06-30'),
('0962771221','卵','納豆',198,'2026-06-01','2026-06-30'),
('0962771221','食パン','クロワッサン',118,'2026-06-01','2026-06-30'),
('0962771221','バナナ','りんご',128,'2026-06-01','2026-06-30'),
('0962771221','みかん','キウイ',198,'2026-06-01','2026-06-30'),
('0962771221','ヨーグルト','プリン',108,'2026-06-01','2026-06-30'),
('0962771221','冷凍餃子','冷凍春巻',188,'2026-06-01','2026-06-30'),
('0962771221','冷凍チャーハン','冷凍ピラフ',218,'2026-06-01','2026-06-30'),
('0962771221','レトルトカレー','パスタソース',278,'2026-06-01','2026-06-30'),
('0962771221','サバ缶','ツナ缶',148,'2026-06-01','2026-06-30'),
('0962771221','チーズ','バター',238,'2026-06-01','2026-06-30'),
('0962771221','ウインナー','ベーコン',248,'2026-06-01','2026-06-30'),
('0962771221','豆腐','厚揚げ',78,'2026-06-01','2026-06-30'),
('0962771221','納豆','キムチ',88,'2026-06-01','2026-06-30'),
('0962771221','コーヒー','紅茶',248,'2026-06-01','2026-06-30');


INSERT INTO featured_items
(phone_number, featured_item_name, ap_name, price, start_date, end_date)
VALUES
('0962276693','刺身盛合せ','寿司',598,'2026-06-01','2026-06-30'),
('0962276693','牛肉切り落とし','豚こま肉',398,'2026-06-01','2026-06-30'),
('0962276693','鶏もも肉','鶏むね肉',128,'2026-06-01','2026-06-30'),
('0962276693','牛乳','豆乳',178,'2026-06-01','2026-06-30'),
('0962276693','卵','納豆',208,'2026-06-01','2026-06-30'),
('0962276693','食パン','ロールパン',128,'2026-06-01','2026-06-30'),
('0962276693','ヨーグルト','プリン',128,'2026-06-01','2026-06-30'),
('0962276693','みかん','バナナ',198,'2026-06-01','2026-06-30'),
('0962276693','サラダ油','オリーブオイル',398,'2026-06-01','2026-06-30'),
('0962276693','冷凍うどん','冷凍そば',178,'2026-06-01','2026-06-30'),
('0962276693','チーズ','バター',258,'2026-06-01','2026-06-30'),
('0962276693','焼売','餃子',198,'2026-06-01','2026-06-30'),
('0962276693','ハンバーグ','ミートボール',248,'2026-06-01','2026-06-30'),
('0962276693','コーヒー','紅茶',278,'2026-06-01','2026-06-30'),
('0962276693','レトルトカレー','パスタソース',318,'2026-06-01','2026-06-30');


INSERT INTO featured_items
(phone_number, featured_item_name, ap_name, price, start_date, end_date)
VALUES
('0963426384','高級食パン','クロワッサン',298,'2026-06-01','2026-06-30'),
('0963426384','輸入チーズ','バター',498,'2026-06-01','2026-06-30'),
('0963426384','オリーブオイル','ごま油',698,'2026-06-01','2026-06-30'),
('0963426384','コーヒー豆','紅茶',598,'2026-06-01','2026-06-30'),
('0963426384','ジャム','はちみつ',398,'2026-06-01','2026-06-30'),
('0963426384','パスタ','ペンネ',298,'2026-06-01','2026-06-30'),
('0963426384','パスタソース','レトルトカレー',348,'2026-06-01','2026-06-30'),
('0963426384','輸入チョコレート','クッキー',398,'2026-06-01','2026-06-30'),
('0963426384','ミックスナッツ','アーモンド',498,'2026-06-01','2026-06-30'),
('0963426384','ドライフルーツ','レーズン',398,'2026-06-01','2026-06-30'),
('0963426384','ワイン風ジュース','ぶどうジュース',598,'2026-06-01','2026-06-30'),
('0963426384','スープセット','カレーセット',498,'2026-06-01','2026-06-30'),
('0963426384','高級プリン','高級ゼリー',298,'2026-06-01','2026-06-30'),
('0963426384','牛乳','豆乳',218,'2026-06-01','2026-06-30'),
('0963426384','ヨーグルト','プリン',198,'2026-06-01','2026-06-30');

CREATE TABLE average_prices (
    average_price_id INT AUTO_INCREMENT PRIMARY KEY,
    prefecture_id INT NOT NULL,
    featured_item_name VARCHAR(100) NOT NULL,
    average_price INT NOT NULL,
    record_date DATE NOT NULL,
    FOREIGN KEY (prefecture_id) REFERENCES prefectures(prefecture_id)
);

INSERT INTO average_prices (
    prefecture_id,
    featured_item_name,
    average_price,
    record_date
)
VALUES
(15, '牛乳', 198, '2026-06-01'),
(15, '卵', 248, '2026-06-01'),
(15, '食パン', 128, '2026-06-01'),
(15, '納豆', 108, '2026-06-01'),
(15, '豆腐', 68, '2026-06-01'),
(15, 'ヨーグルト', 178, '2026-06-01'),
(15, 'バナナ', 158, '2026-06-01'),
(15, '鶏もも肉', 298, '2026-06-01'),
(15, '豚こま肉', 258, '2026-06-01'),
(15, 'ウインナー', 248, '2026-06-01'),
(15, '冷凍うどん', 188, '2026-06-01'),
(15, 'カップ麺', 168, '2026-06-01'),
(15, 'マヨネーズ', 228, '2026-06-01'),
(15, '味噌', 278, '2026-06-01'),
(15, 'じゃがいも', 198, '2026-06-01'),
(15, '玉ねぎ', 198, '2026-06-01'),
(15, 'にんじん', 128, '2026-06-01'),
(15, 'キャベツ', 158, '2026-06-01'),
(15, 'もやし', 38, '2026-06-01'),
(15, '豆乳', 168, '2026-06-01'),
(15, 'ロールパン', 118, '2026-06-01'),
(15, 'カレールー', 258, '2026-06-01'),
(15, '食用油', 348, '2026-06-01'),
(15, 'アイスクリーム', 118, '2026-06-01'),
(15, 'ミネラルウォーター', 88, '2026-06-01'),
(15, 'コーヒー飲料', 108, '2026-06-01'),
(15, 'パスタ', 178, '2026-06-01'),
(15, 'パスタソース', 228, '2026-06-01'),
(15, '鮭切り身', 298, '2026-06-01'),
(15, 'ツナ缶', 198, '2026-06-01'),
(15, 'プリン', 108, '2026-06-01'),
(15, 'チーズ', 238, '2026-06-01'),
(15, 'キムチ', 198, '2026-06-01'),
(15, 'レタス', 158, '2026-06-01'),
(15, 'トマト', 198, '2026-06-01'),
(15, '焼きそば麺', 108, '2026-06-01'),
(15, 'ハム', 188, '2026-06-01'),
(15, 'しめじ', 98, '2026-06-01'),
(15, 'えのき', 88, '2026-06-01'),
(15, '冷凍餃子', 248, '2026-06-01'),
(15, '唐揚げ粉', 128, '2026-06-01'),
(15, 'コーンフレーク', 298, '2026-06-01'),
(15, 'シリアルバー', 198, '2026-06-01'),
(15, 'りんご', 198, '2026-06-01'),
(15, 'みかん', 298, '2026-06-01'),
(15, '白菜', 198, '2026-06-01'),
(15, 'うどん', 158, '2026-06-01'),
(15, 'そば', 178, '2026-06-01'),
(15, 'めんつゆ', 228, '2026-06-01'),
(15, 'ケチャップ', 188, '2026-06-01'),
(15, '焼肉のたれ', 248, '2026-06-01'),
(15, 'ポテトチップス', 128, '2026-06-01'),
(15, 'チョコレート', 158, '2026-06-01'),
(15, '緑茶ペットボトル', 88, '2026-06-01'),
(15, '炭酸水', 78, '2026-06-01'),
(15, 'ティッシュ', 198, '2026-06-01'),
(15, 'レトルトカレー', 288, '2026-06-01'),
(15, '食器用洗剤', 188, '2026-06-01'),
(15, '鶏むね肉', 75, '2026-06-01'),
(15, 'コーヒー', 188, '2026-06-01'),
(15, '牛切り落とし', 258, '2026-06-01'),
(15, '洗濯洗剤', 243, '2026-06-01'),
(15, '緑茶', 88, '2026-06-01');

INSERT INTO average_prices (
    prefecture_id,
   featured_item_name,
    average_price,
    record_date
)
VALUES
(37, '牛乳', 188, '2026-06-01'),
(37, '卵', 238, '2026-06-01'),
(37, '食パン', 118, '2026-06-01'),
(37, '納豆', 98, '2026-06-01'),
(37, '豆腐', 58, '2026-06-01'),
(37, 'ヨーグルト', 168, '2026-06-01'),
(37, 'バナナ', 148, '2026-06-01'),
(37, '鶏もも肉', 288, '2026-06-01'),
(37, '豚こま肉', 248, '2026-06-01'),
(37, 'ウインナー', 238, '2026-06-01'),
(37, '冷凍うどん', 178, '2026-06-01'),
(37, 'カップ麺', 158, '2026-06-01'),
(37, 'マヨネーズ', 218, '2026-06-01'),
(37, '味噌', 268, '2026-06-01'),
(37, 'じゃがいも', 188, '2026-06-01'),
(37, '玉ねぎ', 188, '2026-06-01'),
(37, 'にんじん', 118, '2026-06-01'),
(37, 'キャベツ', 148, '2026-06-01'),
(37, 'もやし', 35, '2026-06-01'),
(37, '豆乳', 158, '2026-06-01'),
(37, 'ロールパン', 108, '2026-06-01'),
(37, 'カレールー', 248, '2026-06-01'),
(37, '食用油', 338, '2026-06-01'),
(37, 'アイスクリーム', 108, '2026-06-01'),
(37, 'ミネラルウォーター', 78, '2026-06-01'),
(37, 'コーヒー飲料', 98, '2026-06-01'),
(37, 'パスタ', 168, '2026-06-01'),
(37, 'パスタソース', 218, '2026-06-01'),
(37, '鮭切り身', 288, '2026-06-01'),
(37, 'ツナ缶', 188, '2026-06-01'),
(37, 'プリン', 98, '2026-06-01'),
(37, 'チーズ', 228, '2026-06-01'),
(37, 'キムチ', 188, '2026-06-01'),
(37, 'レタス', 148, '2026-06-01'),
(37, 'トマト', 188, '2026-06-01'),
(37, '焼きそば麺', 98, '2026-06-01'),
(37, 'ハム', 178, '2026-06-01'),
(37, 'しめじ', 88, '2026-06-01'),
(37, 'えのき', 78, '2026-06-01'),
(37, '冷凍餃子', 238, '2026-06-01'),
(37, '唐揚げ粉', 118, '2026-06-01'),
(37, 'コーンフレーク', 288, '2026-06-01'),
(37, 'シリアルバー', 188, '2026-06-01'),
(37, 'りんご', 188, '2026-06-01'),
(37, 'みかん', 288, '2026-06-01'),
(37, '白菜', 188, '2026-06-01'),
(37, 'うどん', 148, '2026-06-01'),
(37, 'そば', 168, '2026-06-01'),
(37, 'めんつゆ', 218, '2026-06-01'),
(37, 'ケチャップ', 178, '2026-06-01'),
(37, '焼肉のたれ', 238, '2026-06-01'),
(37, 'ポテトチップス', 118, '2026-06-01'),
(37, 'チョコレート', 148, '2026-06-01'),
(37, '緑茶ペットボトル', 78, '2026-06-01'),
(37, '炭酸水', 68, '2026-06-01'),
(37, 'うどん玉', 58, '2026-06-01'),
(37, 'コーヒー', 278, '2026-06-01'),
(37, 'サラダ油', 328, '2026-06-01'),
(37, 'レトルトカレー', 308, '2026-06-01'),
(37, '弁当', 398, '2026-06-01'),
(37, '牛肉切り落とし', 408, '2026-06-01'),
(37, 'ハンバーグ', 258, '2026-06-01'),
(37, '刺身盛合せ', 598, '2026-06-01'),
(37, '焼売', 208, '2026-06-01'),
(37, 'サバ缶', 158, '2026-06-01'),
(37, '冷凍チャーハン', 228, '2026-06-01'),
(37, 'アイス', 88, '2026-06-01'),
(37, 'カレー粉', 198, '2026-06-01'),
(37, 'コロッケ', 58, '2026-06-01'),
(37, '鶏むね肉', 78, '2026-06-01'),
(37, '焼きそば', 98, '2026-06-01');

INSERT INTO average_prices (
    prefecture_id,
    featured_item_name,
    average_price,
    record_date
)
VALUES
(43, 'アイスクリーム', 88, '2026-06-01'),
(43, 'ウインナー', 243, '2026-06-01'),
(43, 'オリーブオイル', 698, '2026-06-01'),
(43, 'カップ麺', 108, '2026-06-01'),
(43, 'キャベツ', 128, '2026-06-01'),
(43, 'コーヒー', 278, '2026-06-01'),
(43, 'コーヒー豆', 598, '2026-06-01'),
(43, 'コロッケ', 58, '2026-06-01'),
(43, 'サバ缶', 148, '2026-06-01'),
(43, 'サラダ油', 338, '2026-06-01'),
(43, 'ジャム', 398, '2026-06-01'),
(43, 'スープセット', 498, '2026-06-01'),
(43, 'チーズ', 248, '2026-06-01'),
(43, 'ドライフルーツ', 398, '2026-06-01'),
(43, 'ハム', 198, '2026-06-01'),
(43, 'ハンバーグ', 248, '2026-06-01'),
(43, 'パスタ', 298, '2026-06-01'),
(43, 'パスタソース', 348, '2026-06-01'),
(43, 'バナナ', 128, '2026-06-01'),
(43, 'みかん', 198, '2026-06-01'),
(43, 'ミックスナッツ', 498, '2026-06-01'),
(43, 'もやし', 29, '2026-06-01'),
(43, 'ヨーグルト', 128, '2026-06-01'),
(43, 'レトルトカレー', 288, '2026-06-01'),
(43, 'ワイン風ジュース', 598, '2026-06-01'),
(43, '冷凍うどん', 168, '2026-06-01'),
(43, '冷凍チャーハン', 218, '2026-06-01'),
(43, '冷凍餃子', 188, '2026-06-01'),
(43, '刺身盛合せ', 598, '2026-06-01'),
(43, '卵', 198, '2026-06-01'),
(43, '焼きそば', 88, '2026-06-01'),
(43, '焼売', 198, '2026-06-01'),
(43, '牛乳', 178, '2026-06-01'),
(43, '牛肉切り落とし', 398, '2026-06-01'),
(43, '玉ねぎ', 88, '2026-06-01'),
(43, '納豆', 88, '2026-06-01'),
(43, '輸入チーズ', 498, '2026-06-01'),
(43, '輸入チョコレート', 398, '2026-06-01'),
(43, '豆腐', 78, '2026-06-01'),
(43, '食パン', 118, '2026-06-01'),
(43, '高級プリン', 298, '2026-06-01'),
(43, '高級食パン', 298, '2026-06-01'),
(43, '鶏もも肉', 128, '2026-06-01'),
(43, '鶏むね肉', 78, '2026-06-01');
CREATE TABLE recipes (
    recipe_id INT AUTO_INCREMENT PRIMARY KEY,
    phone_number VARCHAR(20)NOT NULL,
    recipe_name VARCHAR(100) NOT NULL,
    recipe text,
    FOREIGN KEY (phone_number) REFERENCES stores(phone_number)
);

INSERT INTO recipes (
    recipe_id,
    phone_number,
    recipe_name,
    recipe
)
VALUES
-- =========================
-- 新潟県
-- =========================
(1, '0252452533', '鶏むね肉とキャベツの甘辛炒め',
 '鶏むね肉を一口大に切って焼き、キャベツともやしを加えて炒める。醤油・みりん・砂糖で甘辛く味付けして仕上げる。'),

(2, '0252812600', '牛切り落とし肉じゃが',
 '牛切り落としとじゃがいも、玉ねぎを炒めてから、だし・醤油・みりん・砂糖で煮込む。具材に味が染みたら完成。'),

(3, '0252812600', 'レトルトカレーうどん',
 '冷凍うどんを温め、レトルトカレーにだしを加えてのばす。器にうどんを盛り、上からカレーをかけて完成。'),

(4, '0252487707', 'コーヒーゼリー風デザート',
 'コーヒーを濃いめに淹れて砂糖を加え、ゼラチンで固める。冷蔵庫で冷やし、食べるときに牛乳をかける。'),

(5, '0252473155', '牛切り落としと玉ねぎの炒め物',
 '牛切り落としと玉ねぎを炒め、醤油・みりんで味を整える。最後に少し砂糖を加えてコクを出す。'),
(6, '0252801400', '鶏むね肉と食器用洗剤…ではなく、鶏むね肉のカレー炒め',
 '鶏むね肉を一口大に切って焼き、火が通ったらレトルトカレーを加えて軽く炒め合わせる。お好みで玉ねぎや野菜を加えてもよく、ご飯にのせてもそのままおかずとしても楽しめる。'),

-- =========================
-- 香川県
-- =========================
(7, '0878407350', '焼きそばプレート',
 '焼きそばを炒め、もやしやウインナーを加えてソースで味付けする。コロッケを添えてワンプレートにする。'),

(8, '0878437726', '牛肉切り落しカレーライス',
 '牛肉切り落しを炒め、温めたレトルトカレーと合わせる。ご飯にかけて仕上げる。'),

(9, '0878433025', 'コロッケ焼きそば定食',
 '焼きそばを炒めて皿に盛り、温めたコロッケを添える。サラダをつけるとバランスが良い。'),

(10, '0878117001', '牛肉切り落しと焼売のおかずセット',
 '牛肉切り落しを甘辛く炒め、温めた焼売と一緒に盛り付ける。ご飯によく合うおかずセット。'),

(11, '0878211227', '牛肉切り落しのスタミナ炒め',
 '牛肉切り落しをフライパンで炒め、玉ねぎやチーズを少し加えてコクを出す。醤油ベースで味付けする。'),

(12, '0878512969', 'うどんとコロッケの軽食セット',
 '冷凍うどんを温め、だしをかけて簡単うどんにする。温めたコロッケと一緒に盛り付ける。'),

-- =========================
-- 熊本県
-- =========================
(13, '0963125566', '卵かけ朝食セット',
 'ご飯に卵をかけて醤油で食べる。ヨーグルトと牛乳を添えて朝食セットにする。'),

(14, '0962771221', '冷凍チャーハンと餃子定食',
 '冷凍チャーハンを温め、冷凍餃子を焼く。サラダやスープを添えると満足感のある定食になる。'),

(15, '0962276693', 'チーズハンバーグプレート',
 'ハンバーグを温め、上にチーズをのせて軽く加熱する。付け合わせにサラダやパンを添える。'),

(16, '0963426384', '高級食パンのフレンチトースト',
 '高級食パンを卵と牛乳の卵液に浸し、バターで両面を焼く。仕上げにはちみつやジャムを添える。');



create table ingredients(
ingredients_id INT AUTO_INCREMENT,
ingredients_name varchar(100),
recipe_id INT,
PRIMARY KEY (ingredients_id,recipe_id),
FOREIGN KEY (recipe_id) REFERENCES recipes(recipe_id)
);

INSERT INTO ingredients (
    ingredients_id,
    ingredients_name,
    recipe_id
)
VALUES
-- =========================================
-- recipe_id = 1
-- 鶏むね肉とキャベツの甘辛炒め
-- =========================================
(1, '鶏むね肉', 1),
(2, 'キャベツ', 1),
(3, 'もやし', 1),
(4, '醤油', 1),
(5, 'みりん', 1),
(6, '砂糖', 1),

-- =========================================
-- recipe_id = 2
-- 牛切り落とし肉じゃが
-- =========================================
(1, '牛切り落とし', 2),
(2, 'じゃがいも', 2),
(3, '玉ねぎ', 2),
(4, 'だし', 2),
(5, '醤油', 2),
(6, 'みりん', 2),
(7, '砂糖', 2),

-- =========================================
-- recipe_id = 3
-- レトルトカレーうどん
-- =========================================
(1, '冷凍うどん', 3),
(2, 'レトルトカレー', 3),
(3, 'だし', 3),

-- =========================================
-- recipe_id = 4
-- コーヒーゼリー風デザート
-- =========================================
(1, 'コーヒー', 4),
(2, '砂糖', 4),
(3, 'ゼラチン', 4),
(4, '牛乳', 4),
-- =========================================
-- recipe_id = 5
-- 鶏むね肉のカレー炒め
-- =========================================
(1, '鶏むね肉', 5),
(2, 'レトルトカレー', 5),
(3, '玉ねぎ', 5),
-- =========================================
-- recipe_id = 6
-- 牛切り落としと玉ねぎの炒め物
-- =========================================
(1, '牛切り落とし', 6),
(2, '玉ねぎ', 6),
(3, '醤油', 6),
(4, 'みりん', 6),
(5, '砂糖', 6),

-- =========================================
-- recipe_id = 7
-- 焼きそばプレート
-- =========================================
(1, '焼きそば', 7),
(2, 'もやし', 7),
(3, 'ウインナー', 7),
(4, 'コロッケ', 7),
(5, 'ソース', 7),

-- =========================================
-- recipe_id = 8
-- 牛肉切り落しカレーライス
-- =========================================
(1, '牛肉切り落し', 8),
(2, 'レトルトカレー', 8),
(3, 'ご飯', 8),

-- =========================================
-- recipe_id = 9
-- コロッケ焼きそば定食
-- =========================================
(1, '焼きそば', 9),
(2, 'コロッケ', 9),
(3, 'サラダ', 9),

-- =========================================
-- recipe_id = 10
-- 牛肉切り落しと焼売のおかずセット
-- =========================================
(1, '牛肉切り落し', 10),
(2, '焼売', 10),
(3, '醤油', 10),
(4, 'みりん', 10),
(5, '砂糖', 10),

-- =========================================
-- recipe_id = 11
-- 牛肉切り落しのスタミナ炒め
-- =========================================
(1, '牛肉切り落し', 11),
(2, '玉ねぎ', 11),
(3, 'チーズ', 11),
(4, '醤油', 11),

-- =========================================
-- recipe_id = 12
-- うどんとコロッケの軽食セット
-- =========================================
(1, '冷凍うどん', 12),
(2, 'だし', 12),
(3, 'コロッケ', 12),

-- =========================================
-- recipe_id = 13
-- 卵かけ朝食セット
-- =========================================
(1, '卵', 13),
(2, 'ご飯', 13),
(3, '醤油', 13),
(4, 'ヨーグルト', 13),
(5, '牛乳', 13),

-- =========================================
-- recipe_id = 14
-- 冷凍チャーハンと餃子定食
-- =========================================
(1, '冷凍チャーハン', 14),
(2, '冷凍餃子', 14),
(3, 'サラダ', 14),
(4, 'スープ', 14),

-- =========================================
-- recipe_id = 15
-- チーズハンバーグプレート
-- =========================================
(1, 'ハンバーグ', 15),
(2, 'チーズ', 15),
(3, 'サラダ', 15),
(4, 'パン', 15),

-- =========================================
-- recipe_id = 16
-- 高級食パンのフレンチトースト
-- =========================================
(1, '高級食パン', 16),
(2, '卵', 16),
(3, '牛乳', 16),
(4, 'バター', 16),
(5, 'はちみつ', 16),
(6, 'ジャム', 16);

CREATE TABLE regist_stores (
    user_id INT,
   phone_number VARCHAR(20),
    PRIMARY KEY (user_id, phone_number),
    FOREIGN KEY (user_id) REFERENCES users(user_id),
    FOREIGN KEY (phone_number) REFERENCES stores(phone_number)
);

INSERT INTO regist_stores (
    user_id,
    phone_number
)
VALUES
-- user 1
(1, '0252452533'),
(1, '0252812600'),
(1, '0252487707'),

-- user 2
(2, '0252487707'),
(2, '0252473155'),
(2, '0252801400'),

-- user 3
(3, '0878407350'),
(3, '0878437726'),
(3, '0878433025'),

-- user 4
(4, '0878211227'),
(4, '0878117001'),
(4, '0878227498'),

-- user 5
(5, '0963125566'),
(5, '0962771221'),

-- user 6
(6, '0962276693'),
(6, '0963426384'),
(6, '0963125566');

CREATE TABLE gains (
    gain_id INT AUTO_INCREMENT PRIMARY KEY,
    user_id INT NOT NULL,
    record_date DATE NOT NULL,
    gain_sum INT NOT NULL DEFAULT 0,
    ap_count INT NOT NULL DEFAULT 0,
    FOREIGN KEY (user_id) REFERENCES users(user_id)
);

INSERT INTO gains (
    user_id,
    record_date,
    gain_sum,
    ap_count
)
VALUES
-- user 1
(1, '2026-06-01', 120, 1),
(1, '2026-06-02', 260, 2),
(1, '2026-06-03', 180, 0),

-- user 2
(2, '2026-06-01', 90, 0),
(2, '2026-06-02', 210, 1),
(2, '2026-06-03', 150, 0),

-- user 3
(3, '2026-06-01', 140, 3),
(3, '2026-06-02', 320, 1),
(3, '2026-06-03', 110, 0),

-- user 4
(4, '2026-06-01', 80, 0),
(4, '2026-06-02', 190, 2),
(4, '2026-06-03', 240, 0),

-- user 5
(5, '2026-06-01', 160, 3),
(5, '2026-06-02', 300, 1),
(5, '2026-06-03', 130, 1),

-- user 6
(6, '2026-06-01', 200, 2),
(6, '2026-06-02', 340, 1),
(6, '2026-06-03', 170, 0);

 create table API(
  api_id INT PRIMARY KEY,
  api_key VARCHAR(100));
  
  insert into API(
  api_id,
  api_key)
  
 VALUES(1,'AQ.Ab8RN6L-WofRjwi51eDdqvvyPZ_tTvUkILj1umR4yX3bvFyINA');